0x654f9f50d8B6d3AfA2D329cc392FA14D97894023,100000000000000000000
0x12860B283318bb73195F22C54d88f094aFc3DF1a,20000000000000000000000
0x542Ef841a0ADD9D243B01e35170dC3a29Db7b263,20000000000000000000000
0x53d92c1974d9CfF724FDC46EB57c34799B8941A2,20000000000000000000000
0xF50858a1C0507E57c08A2798dCcAecfDBB5feD50,20000000000000000000000
0x547a9687D36e51DA064eE7C6ac82590E344C4a0e,100000000000000000000
0x99995570bc88340d726D15D172e668271FBC9e20,100000000000000000000
0x9999f469Fa49bB921eA385F1de49dcBccfbC9A82,100000000000000000000
0x9999700347b57a3152E8B63123649949A9aBE20d,100000000000000000000
0x9999db67bF5151668AAff29eD4BAca3926747ED7,100000000000000000000
0x9999C6De88eBdf0aff022D127C36541D53F8789A,100000000000000000000
0x99994874b3B90E690287C85df1ba26E886FF87f0,100000000000000000000
0x99990eA09DD56949DbaFe97fc34DBC69BDA81027,100000000000000000000
0x12860B283318bb73195F22C54d88f094aFc3DF1a,100000000000000000000
